LoopID, , Duration
462.libquantum_1, 2e-06
462.libquantum_10, 1.4e-05
462.libquantum_11, 0.766167
462.libquantum_12, 0.014401
462.libquantum_13, 0.048944
462.libquantum_17, 0.022366
462.libquantum_2, 6e-06
462.libquantum_21, 0.26928
462.libquantum_22, 0.654721
462.libquantum_23, 0.001697
462.libquantum_24, 0.000461
462.libquantum_25, 0.011143
462.libquantum_26, 4.3e-05
462.libquantum_27, 0.02197
462.libquantum_28, 9.6e-05
462.libquantum_29, 0.00046
462.libquantum_3, 2e-06
462.libquantum_31, 0.013173
462.libquantum_4, 3.9e-05
462.libquantum_42, 0.000288
462.libquantum_48, 4.7e-05
462.libquantum_49, 0.000932
462.libquantum_5, 1.7e-05
462.libquantum_53, 0.017742
462.libquantum_54, 0.018148
462.libquantum_55, 0.023416
462.libquantum_56, 0.024409
462.libquantum_65, 0.000463
462.libquantum_66, 0.381676
462.libquantum_67, 0.381781
462.libquantum_72, 0.000438
462.libquantum_73, 0.034096
462.libquantum_82, 8e-06
462.libquantum_87, 0.037079
462.libquantum_88, 0.087226
462.libquantum_89, 0.000945
462.libquantum_95, 0.000146
462.libquantum_96, 0.089352
462.libquantum_97, 0.00084
462.libquantum_98, 1.3e-05
