LoopID, , Duration
462.libquantum_1, 3e-06
462.libquantum_10, 1.6e-05
462.libquantum_11, 0.823169
462.libquantum_12, 0.015318
462.libquantum_13, 0.052204
462.libquantum_17, 0.023894
462.libquantum_2, 5e-06
462.libquantum_21, 0.290397
462.libquantum_22, 0.703776
462.libquantum_23, 0.00181
462.libquantum_24, 0.00047
462.libquantum_25, 0.011186
462.libquantum_26, 5.1e-05
462.libquantum_27, 0.02167
462.libquantum_28, 0.000101
462.libquantum_29, 0.000461
462.libquantum_3, 2e-06
462.libquantum_31, 0.013054
462.libquantum_4, 3.7e-05
462.libquantum_42, 0.000299
462.libquantum_48, 4.7e-05
462.libquantum_49, 0.000917
462.libquantum_5, 1.9e-05
462.libquantum_53, 0.019091
462.libquantum_54, 0.019451
462.libquantum_55, 0.025086
462.libquantum_56, 0.026093
462.libquantum_65, 0.00052
462.libquantum_66, 0.413482
462.libquantum_67, 0.406736
462.libquantum_72, 0.000457
462.libquantum_73, 0.033857
462.libquantum_82, 8e-06
462.libquantum_87, 0.035342
462.libquantum_88, 0.083272
462.libquantum_89, 0.00093
462.libquantum_95, 0.000157
462.libquantum_96, 0.085332
462.libquantum_97, 0.000858
462.libquantum_98, 1.3e-05
