LoopID, , Duration
462.libquantum_1, 2e-06
462.libquantum_10, 1.5e-05
462.libquantum_11, 0.75232
462.libquantum_12, 0.014291
462.libquantum_13, 0.04846
462.libquantum_17, 0.021771
462.libquantum_2, 6e-06
462.libquantum_21, 0.261202
462.libquantum_22, 0.643112
462.libquantum_23, 0.001718
462.libquantum_24, 0.000459
462.libquantum_25, 0.011387
462.libquantum_26, 4.5e-05
462.libquantum_27, 0.021961
462.libquantum_28, 0.000108
462.libquantum_29, 0.000469
462.libquantum_3, 3e-06
462.libquantum_31, 0.013247
462.libquantum_4, 3.8e-05
462.libquantum_42, 0.000302
462.libquantum_48, 4.7e-05
462.libquantum_49, 0.000917
462.libquantum_5, 1.5e-05
462.libquantum_53, 0.017261
462.libquantum_54, 0.017648
462.libquantum_55, 0.02322
462.libquantum_56, 0.024117
462.libquantum_65, 0.000469
462.libquantum_66, 0.372698
462.libquantum_67, 0.376872
462.libquantum_72, 0.000467
462.libquantum_73, 0.034379
462.libquantum_82, 8e-06
462.libquantum_87, 0.035636
462.libquantum_88, 0.083168
462.libquantum_89, 0.000933
462.libquantum_95, 0.000154
462.libquantum_96, 0.085243
462.libquantum_97, 0.000843
462.libquantum_98, 1.2e-05
