LoopID, , Duration
462.libquantum_1, 2e-06
462.libquantum_10, 1.2e-05
462.libquantum_11, 0.735107
462.libquantum_12, 0.013906
462.libquantum_13, 0.047177
462.libquantum_17, 0.021551
462.libquantum_2, 5e-06
462.libquantum_21, 0.252832
462.libquantum_22, 0.628738
462.libquantum_23, 0.001581
462.libquantum_24, 0.000471
462.libquantum_25, 0.011491
462.libquantum_26, 4.3e-05
462.libquantum_27, 0.02138
462.libquantum_28, 9.8e-05
462.libquantum_29, 0.000462
462.libquantum_3, 1e-06
462.libquantum_31, 0.013041
462.libquantum_4, 3.8e-05
462.libquantum_42, 0.000256
462.libquantum_48, 4.6e-05
462.libquantum_49, 0.000908
462.libquantum_5, 1.4e-05
462.libquantum_53, 0.016918
462.libquantum_54, 0.017123
462.libquantum_55, 0.022508
462.libquantum_56, 0.02356
462.libquantum_65, 0.000458
462.libquantum_66, 0.366615
462.libquantum_67, 0.365917
462.libquantum_72, 0.000416
462.libquantum_73, 0.033845
462.libquantum_82, 8e-06
462.libquantum_87, 0.034692
462.libquantum_88, 0.081734
462.libquantum_89, 0.000931
462.libquantum_95, 0.000135
462.libquantum_96, 0.083792
462.libquantum_97, 0.000839
462.libquantum_98, 1.2e-05
