LoopID, , Duration
462.libquantum_1, 2e-06
462.libquantum_10, 1.3e-05
462.libquantum_11, 0.748379
462.libquantum_12, 0.014117
462.libquantum_13, 0.047752
462.libquantum_17, 0.021793
462.libquantum_2, 6e-06
462.libquantum_21, 0.264167
462.libquantum_22, 0.640267
462.libquantum_23, 0.001622
462.libquantum_24, 0.000463
462.libquantum_25, 0.011081
462.libquantum_26, 4.8e-05
462.libquantum_27, 0.021666
462.libquantum_28, 0.000103
462.libquantum_29, 0.000471
462.libquantum_3, 2e-06
462.libquantum_31, 0.013065
462.libquantum_4, 3.6e-05
462.libquantum_42, 0.00027
462.libquantum_48, 4.7e-05
462.libquantum_49, 0.000915
462.libquantum_5, 1.8e-05
462.libquantum_53, 0.017051
462.libquantum_54, 0.017384
462.libquantum_55, 0.022856
462.libquantum_56, 0.023794
462.libquantum_65, 0.000467
462.libquantum_66, 0.373239
462.libquantum_67, 0.37249
462.libquantum_72, 0.00042
462.libquantum_73, 0.03372
462.libquantum_82, 9e-06
462.libquantum_87, 0.035693
462.libquantum_88, 0.083432
462.libquantum_89, 0.000942
462.libquantum_95, 0.000147
462.libquantum_96, 0.085495
462.libquantum_97, 0.00085
462.libquantum_98, 1.3e-05
