LoopID, , Duration
462.libquantum_1, 2e-06
462.libquantum_10, 1.5e-05
462.libquantum_11, 0.736181
462.libquantum_12, 0.013959
462.libquantum_13, 0.047117
462.libquantum_17, 0.021444
462.libquantum_2, 5e-06
462.libquantum_21, 0.258614
462.libquantum_22, 0.629527
462.libquantum_23, 0.00157
462.libquantum_24, 0.000459
462.libquantum_25, 0.010942
462.libquantum_26, 4.5e-05
462.libquantum_27, 0.021386
462.libquantum_28, 9.8e-05
462.libquantum_29, 0.000462
462.libquantum_3, 2e-06
462.libquantum_31, 0.012912
462.libquantum_4, 3.5e-05
462.libquantum_42, 0.000235
462.libquantum_48, 4.7e-05
462.libquantum_49, 0.000896
462.libquantum_5, 1.3e-05
462.libquantum_53, 0.016997
462.libquantum_54, 0.017106
462.libquantum_55, 0.022581
462.libquantum_56, 0.023664
462.libquantum_65, 0.000455
462.libquantum_66, 0.367979
462.libquantum_67, 0.365643
462.libquantum_72, 0.000379
462.libquantum_73, 0.033245
462.libquantum_82, 8e-06
462.libquantum_87, 0.035896
462.libquantum_88, 0.084131
462.libquantum_89, 0.000919
462.libquantum_95, 0.000128
462.libquantum_96, 0.086157
462.libquantum_97, 0.000827
462.libquantum_98, 1.3e-05
