LoopID, , Duration
470.lbm_1, 0.095618
470.lbm_11, 168.565
470.lbm_14, 0.956605
470.lbm_2, 0.115803
470.lbm_23, 169.417
470.lbm_3, 0.174025
470.lbm_4, 0.1746
470.lbm_5, 0.071803
470.lbm_6, 0.134546
470.lbm_7, 0.135177
