LoopID, , Duration
470.lbm_1, 0.095951
470.lbm_11, 188.442
470.lbm_14, 1.0678
470.lbm_2, 0.119468
470.lbm_23, 189.392
470.lbm_3, 0.176444
470.lbm_4, 0.177022
470.lbm_5, 0.066896
470.lbm_6, 0.128616
470.lbm_7, 0.129243
